refrigerant,bore_mm,frac_T_recommended,frac_T_allowable,frac_phi_allowable,frac_dp_recommended,frac_dp_allowable,T_min,T_max,phi_min,phi_max,dp_min,dp_max,ac_starts_total,vent_starts_total,ac_min_total,vent_min_total,off_min_total,E_ac_kWh,E_vent_kWh,E_total_kWh,error,rank
Propane,30.0,0.9247404844290656,1.0,1.0,1.0,1.0,14.999999999999993,31.610922364816307,0.11454041217919633,0.7205634491853858,-5.736677342222268,13.321765682357984,114.0,90.0,3640.0,1165.0,975.0,56.900081691442615,39.9189297755133,96.81901146695591,,0
R1234yf,40.0,0.8676470588235294,1.0,1.0,1.0,1.0,14.999999999999993,33.81695728642109,0.11751156034661212,0.7840275391816335,-5.750923530590244,14.081788935244512,163.0,136.0,2770.0,1680.0,1330.0,59.34343130090937,43.87862216511257,103.22205346602195,,1
R1234yf,30.0,0.5882352941176471,1.0,1.0,1.0,1.0,14.999999999999993,32.15197567589973,0.08315362415052605,0.6000000000000001,-5.738998361252928,10.061681097647773,53.0,48.0,4080.0,1130.0,570.0,48.138475256440444,35.69952630647414,83.83800156291458,,2
DimethylEther,40.0,0.8719723183391004,1.0,0.9982698961937716,1.0,1.0,14.999999999999993,33.70921207664526,0.11572990119945241,0.8171106595653626,-5.750923512077676,14.905802023753322,155.0,127.0,2890.0,1605.0,1285.0,56.274888677708745,44.57269562369417,100.84758430140292,,3
Propane,40.0,0.8589965397923875,1.0,0.9965397923875432,1.0,1.0,14.999999999999993,33.45088860895168,0.12118890018041178,0.8235278995342827,-5.751143906928747,13.864417995238453,200.0,161.0,2365.0,1850.0,1565.0,74.87406081666398,47.36991155999459,122.24397237665858,,4
