refrigerant,bore_mm,frac_T_recommended,frac_T_allowable,frac_phi_allowable,frac_dp_recommended,frac_dp_allowable,T_min,T_max,phi_min,phi_max,dp_min,dp_max,ac_starts_total,vent_starts_total,ac_min_total,vent_min_total,off_min_total,E_ac_kWh,E_vent_kWh,E_total_kWh,error,rank
Propane,30.0,0.9160899653979239,1.0,1.0,1.0,1.0,14.999999999999993,33.638738778690914,0.11454041217919633,0.6000000000000001,-5.736677342222268,9.38681332774077,112.0,84.0,3630.0,1165.0,985.0,56.947619991441655,39.8172637596465,96.76488375108816,,0
DimethylEther,40.0,0.8667820069204152,1.0,1.0,1.0,1.0,14.999999999999993,33.8340226577614,0.11572990119945241,0.622081012384777,-5.750923512077676,10.647398934510674,154.0,126.0,2890.0,1600.0,1290.0,56.351970646920854,44.56019562369417,100.91216627061503,,1
R1234yf,40.0,0.8641868512110727,1.0,1.0,1.0,1.0,14.999999999999993,33.862217813432046,0.11751156034661212,0.6000000000000001,-5.750923530590244,10.761000833208655,163.0,137.0,2765.0,1700.0,1315.0,59.2898784296929,43.85700010344269,103.14687853313558,,2
Propane,40.0,0.8633217993079585,1.0,1.0,1.0,1.0,14.999999999999993,33.654623466546425,0.12118890018041178,0.6578121223811833,-5.751143906928747,12.12391861476807,198.0,163.0,2370.0,1860.0,1550.0,75.07608014655966,47.48528135187618,122.56136149843584,,3
R1234yf,30.0,0.5856401384083045,1.0,1.0,1.0,1.0,14.999999999999993,32.15197567589973,0.08315362415052605,0.6000000000000001,-5.738998361252928,7.327734542473123,53.0,48.0,4080.0,1130.0,570.0,48.16758885498695,35.69952630647414,83.8671151614611,,4
