refrigerant,bore_mm,frac_T_recommended,frac_T_allowable,frac_phi_recommended,frac_phi_allowable,T_min,T_max,phi_min,phi_max,ac_starts_total,vent_starts_total,ac_min_total,vent_min_total,off_min_total,E_ac_kWh,E_vent_kWh,E_total_kWh,error,rank
Propane,30.0,0.9160899653979239,1.0,0.4532871972318339,1.0,15.000000000000046,33.63873878007352,0.11454040985870996,0.5999999999999978,112,84,3630.0,1165.0,985.0,56.94761992021704,2.9125,59.860119920217045,,0
DimethylEther,40.0,0.8667820069204152,1.0,0.5242214532871972,1.0,15.000000000000046,33.83402261440728,0.11572989827541251,0.6220810875682343,154,126,2890.0,1600.0,1290.0,56.3519706241295,4.0,60.3519706241295,,1
R1234yf,40.0,0.8641868512110727,1.0,0.523356401384083,1.0,15.000000000000046,33.862217790499166,0.11751155546607017,0.5999999999999978,163,137,2765.0,1700.0,1315.0,59.289878503020375,4.25,63.539878503020375,,2
Propane,40.0,0.8633217993079585,1.0,0.5354671280276817,1.0,15.000000000000046,33.65462346036263,0.12118889862021873,0.6578121118991043,198,163,2370.0,1860.0,1550.0,75.07608013855415,4.65,79.72608013855414,,3
DimethylEther,50.0,0.8589965397923875,1.0,0.5501730103806228,1.0,15.000000000000046,33.573765709460915,0.1158422183106,0.7032057536899952,208,169,2275.0,1890.0,1615.0,76.52928943895137,4.725,81.25428943895136,,4
R1234yf,50.0,0.8365051903114187,1.0,0.5631487889273357,1.0,15.000000000000046,34.00560751173512,0.11592497254701821,0.706105446116184,222,170,2260.0,1785.0,1735.0,84.24899236050189,4.4625,88.7114923605019,,5
Propane,50.0,0.8217993079584776,1.0,0.5657439446366782,1.0,15.000000000000046,34.093708024766904,0.11650459521454899,0.728594303065725,246,171,2075.0,1755.0,1950.0,117.15407848083754,4.387499999999999,121.54157848083753,,6
R1234yf,30.0,0.5856401384083045,1.0,0.22837370242214533,1.0,15.000000000000046,32.1519756760173,0.08315362247549052,0.5999999999999978,53,48,4080.0,1130.0,570.0,48.16758885486708,2.8249999999999997,50.99258885486708,,7
DimethylEther,30.0,0.5467128027681661,1.0,0.2171280276816609,1.0,15.000000000000046,33.5523034491391,0.08673682743051367,0.5999999999999978,43,53,4150.0,1115.0,515.0,45.79964507294578,2.7874999999999996,48.58714507294578,,8
