refrigerant,bore_mm,frac_T_recommended,frac_T_allowable,frac_phi_recommended,frac_phi_allowable,T_min,T_max,phi_min,phi_max,ac_starts_total,vent_starts_total,ac_min_total,vent_min_total,off_min_total,E_ac_kWh,E_vent_kWh,E_total_kWh,error,rank
Propane,30.0,0.9204152249134948,1.0,0.661764705882353,1.0,12.206825253329825,33.7251186244383,0.11299322257465806,0.754753409966055,122.0,106.0,3370.0,700.0,1710.0,52.39633552809231,7.116621110675634,59.51295663876794,,0
R1234yf,30.0,0.551038062283737,1.0,0.31920415224913495,1.0,14.37301600195452,32.16411207233166,0.0901901696194237,0.6000000000000001,58.0,80.0,4175.0,450.0,1155.0,49.32312661087645,3.6258668720375886,52.948993482914034,,1
DimethylEther,30.0,0.5147058823529412,1.0,0.29844290657439443,1.0,14.679284352053104,33.55437711456056,0.082440053559277,0.6000000000000001,47.0,84.0,4190.0,465.0,1125.0,46.301993068720336,3.6709433106652276,49.97293637938557,,2
DimethylEther,40.0,0.833044982698962,0.9982698961937716,0.6574394463667821,0.995674740484429,9.690543634694842,33.99571333940233,0.10396375869592245,0.8280903024356294,159.0,139.0,2360.0,1070.0,2350.0,46.18995561584165,15.017096649603033,61.20705226544467,,3
R1234yf,40.0,0.8122837370242214,0.9965397923875432,0.6617647058823529,0.995674740484429,9.388011007271514,34.06886967209127,0.10363048222677658,0.8261954483180621,160.0,146.0,2165.0,1175.0,2440.0,46.64442142752008,16.831184492421396,63.47560591994148,,4
R1234yf,50.0,0.7525951557093425,0.9775086505190311,0.6695501730103806,0.9783737024221453,5.705323886751326,34.100791336679244,0.12385158647462899,0.8910360181790502,184.0,143.0,1605.0,1265.0,2910.0,61.14279022619894,28.31309625387377,89.45588648007272,,5
