refrigerant,bore_mm,frac_in_band,T_min,T_max,phi_min,phi_max,ac_starts_total,vent_starts_total,ac_min_total,vent_min_total,off_min_total,E_ac_kWh,E_vent_kWh,E_total_kWh,error,rank
Propane,30.0,0.9108996539792388,14.999999997576166,32.238169673620945,0.10998849670138602,0.7040863334068058,59.0,193.0,2015.0,2170.0,1595.0,32.19085152722191,10.85,43.0408515272219,,0
DimethylEther,40.0,0.8520761245674741,14.999999997576166,34.830974759009294,0.10998849670138602,0.7284834646840839,124.0,233.0,1375.0,2350.0,2055.0,27.97602471101474,11.749999999999998,39.726024711014745,,1
R1234yf,40.0,0.8451557093425606,14.999999997576166,34.758054854875915,0.10998849670138602,0.7449543140204681,127.0,234.0,1330.0,2360.0,2090.0,29.658892500397158,11.799999999999997,41.458892500397155,,2
R1234yf,50.0,0.8019031141868511,13.998163136790689,34.92076637641833,0.10998849670138602,0.9220868135204356,150.0,242.0,850.0,2525.0,2405.0,33.70860565850718,12.625,46.33360565850718,,3
DimethylEther,50.0,0.7993079584775086,14.508613069885802,34.41702021288929,0.10998849670138602,0.8916006175045147,150.0,242.0,855.0,2525.0,2400.0,30.988031426516333,12.625,43.613031426516336,,4
Propane,40.0,0.7923875432525952,14.50861297730114,33.39951407902284,0.10998849670138602,0.8818009216164654,149.0,223.0,1030.0,2285.0,2465.0,33.66954686891245,11.424999999999999,45.094546868912445,,5
DimethylEther,30.0,0.6695501730103807,14.999999997576166,34.76099688100247,0.10998849670138602,0.6000000000936694,51.0,197.0,1830.0,2605.0,1345.0,21.1685979611032,13.024999999999999,34.1935979611032,,6
R1234yf,30.0,0.6678200692041522,14.999999997576166,34.37862338832304,0.10998849670138602,0.6000000000936694,46.0,189.0,1900.0,2510.0,1370.0,23.82710084231425,12.549999999999999,36.37710084231424,,7
