refrigerant,bore_mm,frac_in_band,T_min,T_max,phi_min,phi_max,ac_starts_total,vent_starts_total,ac_min_total,vent_min_total,off_min_total,E_ac_kWh,E_vent_kWh,E_total_kWh,error,rank
Propane,30.0,0.8451557093425606,14.999999999999993,34.66503907969813,0.10944643886705038,0.6000000000000001,99,103,3280.0,1530.0,970.0,52.72373422176091,3.825,56.54873422176091,,0
R1234yf,50.0,0.8209342560553633,14.999999999999993,34.901452854424925,0.1117958363180799,0.6955961580048492,208,175,2080.0,1980.0,1720.0,79.25401338517122,4.949999999999999,84.20401338517122,,1
DimethylEther,50.0,0.8174740484429065,14.999999999999993,34.81485893934945,0.10934484090332419,0.7051156937051973,205,177,2160.0,1950.0,1670.0,74.2386508018555,4.875,79.1136508018555,,2
DimethylEther,40.0,0.8070934256055364,14.999999999999993,35.051235165136525,0.1117958363180799,0.6687046532601331,156,143,2720.0,1730.0,1330.0,54.1267085288696,4.325,58.451708528869595,,3
Propane,40.0,0.8062283737024222,14.999999999999993,34.419722295828876,0.1117958363180799,0.7319799176068544,193,166,2260.0,1910.0,1610.0,73.23406770798316,4.7749999999999995,78.00906770798315,,4
R1234yf,40.0,0.8001730103806228,14.999999999999993,35.15622988032868,0.10948228284726837,0.6318938937458798,173,159,2675.0,1690.0,1415.0,58.76491124422602,4.225,62.98991124422602,,5
Propane,50.0,0.7897923875432526,14.999999999999993,34.977441942041715,0.11171116504680469,0.800271935370482,225,181,1895.0,2010.0,1875.0,109.49167437020526,5.0249999999999995,114.51667437020527,,6
R1234yf,30.0,0.5700692041522492,14.999999999999993,32.15614303841675,0.08342584080447897,0.6000000000000001,55,77,3945.0,1185.0,650.0,47.00944885807556,2.9625000000000004,49.97194885807556,,7
DimethylEther,30.0,0.5337370242214534,14.999999999999993,33.5533202277734,0.0774658914759074,0.6000000000000001,46,68,3945.0,1245.0,590.0,44.081678584308506,3.1125,47.1941785843085,,8
