refrigerant,bore_mm,E_ac_kWh,E_vent_kWh,E_total_kWh,cost_ac_CHF,cost_vent_CHF,cost_total_CHF
DimethylEther,30.0,50.88359549404669,35.48323721753556,86.36683271158225,10.954189828180754,7.666323593328687,18.62051342150944
R1234yf,30.0,53.487194729283395,35.699526306474155,89.18672103575756,11.520581264907456,7.7176792601351805,19.238260525042637
Propane,30.0,63.222312990424264,39.91892977551329,103.14124276593756,13.43254546027631,8.57104926881946,22.00359472909577
DimethylEther,40.0,62.52765408276525,44.57269562369419,107.10034970645944,13.334408709006487,9.602222249347458,22.936630958353945
R1234yf,40.0,65.9371458901658,43.87862216511257,109.81576805527837,14.061846405618112,9.444804162202221,23.506650567820333
Propane,40.0,83.19340090736556,47.369911559994605,130.56331246736016,17.706684816776196,10.178324369462885,27.88500918623908
DimethylEther,50.0,84.75104450211715,54.52921932622502,139.28026382834219,18.001882403688256,11.712421357371847,29.7143037610601
R1234yf,50.0,93.32810619974695,54.946171582992385,148.27427778273935,19.871483599105318,11.817698481491316,31.689182080596634
Propane,50.0,129.99524308186653,62.857959123406985,192.85320220527353,27.80564964077454,13.537260336413622,41.342909977188164
